{
  "timeStamp": 1621117382288,
  "type": "complete",
  "currentTarget": {
    "name": "ConvertBenchmark",
    "options": {
      "async": false,
      "defer": false,
      "delay": 0.005,
      "initCount": 1,
      "maxTime": 5,
      "minSamples": 5,
      "minTime": 0.05
    },
    "async": false,
    "defer": false,
    "delay": 0.005,
    "initCount": 1,
    "maxTime": 5,
    "minSamples": 5,
    "minTime": 0.05,
    "events": { "complete": [null] },
    "id": 1,
    "stats": {
      "moe": 7.080738796897102e-8,
      "rme": 3.857633519180875,
      "sem": 3.6126218351515826e-8,
      "deviation": 3.2713682075742365e-7,
      "mean": 0.0000018355136022357604,
      "sample": [
        0.0000023192334895234727, 0.000001732246643062329,
        0.0000016808838265749216, 0.0000018287290815654236,
        0.0000017185667113479584, 0.0000017647039591983521,
        0.0000017956615555628208, 0.000001840788570307647,
        0.000001656425932585739, 0.0000016965377447935397,
        0.0000019534769673390656, 0.000001729551770359957,
        0.0000016628469611272762, 0.0000016810605812927061,
        0.0000017697976264426063, 0.0000017741491483309903,
        0.0000016535064015955736, 0.0000016907836325033778,
        0.0000018162163031589784, 0.0000016704014668982822,
        0.0000019006498102039504, 0.000002418284758412147,
        0.000003055298204979734, 0.0000032841246863539857,
        0.000003007948915910699, 0.000003139168757640095,
        0.000002363620279225375, 0.0000016772341246863539,
        0.000001843710995303352, 0.0000017855079456990286,
        0.000001808852859808274, 0.0000016559254970082994,
        0.0000016878562697034035, 0.000001753088206909863,
        0.0000017212153380943191, 0.0000017461912114778357,
        0.000001860770121598147, 0.0000018862317441935275,
        0.0000016775944154925048, 0.0000017099626841665058,
        0.000001740169208003603, 0.0000016853213665315576,
        0.0000016159428681721674, 0.0000018969343112655216,
        0.000001746898925561346, 0.0000019720034742327736,
        0.000001684616869330245, 0.0000017073763108794955,
        0.0000017157755902978832, 0.0000016834491410924533,
        0.0000018130830598983465, 0.000001841674708872161,
        0.0000018866788908190183, 0.000001695686160972785,
        0.0000016901241716528342, 0.0000017786785047931544,
        0.000001673875699671878, 0.0000016332979476291578,
        0.000001695676510326192, 0.0000017864364903389292,
        0.0000017130155210643015, 0.0000018426639214444092,
        0.0000016282483370288248, 0.0000017110484637313904,
        0.0000017364998416217929, 0.0000016396388976876782,
        0.0000017451282863477986, 0.0000018134273044029141,
        0.0000019480804561292363, 0.0000017116154577130187,
        0.0000018388976876781755, 0.0000016515299334811529,
        0.0000016998099461514096, 0.000001683607855559075,
        0.0000015968229331643966, 0.0000017414507443775736,
        0.0000018507697180867914, 0.0000018337440608172314,
        0.000001743915109280963, 0.000001585663604687995,
        0.0000017362599268876843, 0.000001697771965208622
      ],
      "variance": 1.0701849949527473e-13
    },
    "times": {
      "cycle": 0.05824451762614515,
      "elapsed": 5.795,
      "period": 0.0000018355136022357604,
      "timeStamp": 1621117376493
    },
    "running": false,
    "count": 31732,
    "cycles": 7,
    "hz": 544806.6409216161
  },
  "target": {
    "name": "ConvertBenchmark",
    "options": {
      "async": false,
      "defer": false,
      "delay": 0.005,
      "initCount": 1,
      "maxTime": 5,
      "minSamples": 5,
      "minTime": 0.05
    },
    "async": false,
    "defer": false,
    "delay": 0.005,
    "initCount": 1,
    "maxTime": 5,
    "minSamples": 5,
    "minTime": 0.05,
    "events": { "complete": [null] },
    "id": 1,
    "stats": {
      "moe": 7.080738796897102e-8,
      "rme": 3.857633519180875,
      "sem": 3.6126218351515826e-8,
      "deviation": 3.2713682075742365e-7,
      "mean": 0.0000018355136022357604,
      "sample": [
        0.0000023192334895234727, 0.000001732246643062329,
        0.0000016808838265749216, 0.0000018287290815654236,
        0.0000017185667113479584, 0.0000017647039591983521,
        0.0000017956615555628208, 0.000001840788570307647,
        0.000001656425932585739, 0.0000016965377447935397,
        0.0000019534769673390656, 0.000001729551770359957,
        0.0000016628469611272762, 0.0000016810605812927061,
        0.0000017697976264426063, 0.0000017741491483309903,
        0.0000016535064015955736, 0.0000016907836325033778,
        0.0000018162163031589784, 0.0000016704014668982822,
        0.0000019006498102039504, 0.000002418284758412147,
        0.000003055298204979734, 0.0000032841246863539857,
        0.000003007948915910699, 0.000003139168757640095,
        0.000002363620279225375, 0.0000016772341246863539,
        0.000001843710995303352, 0.0000017855079456990286,
        0.000001808852859808274, 0.0000016559254970082994,
        0.0000016878562697034035, 0.000001753088206909863,
        0.0000017212153380943191, 0.0000017461912114778357,
        0.000001860770121598147, 0.0000018862317441935275,
        0.0000016775944154925048, 0.0000017099626841665058,
        0.000001740169208003603, 0.0000016853213665315576,
        0.0000016159428681721674, 0.0000018969343112655216,
        0.000001746898925561346, 0.0000019720034742327736,
        0.000001684616869330245, 0.0000017073763108794955,
        0.0000017157755902978832, 0.0000016834491410924533,
        0.0000018130830598983465, 0.000001841674708872161,
        0.0000018866788908190183, 0.000001695686160972785,
        0.0000016901241716528342, 0.0000017786785047931544,
        0.000001673875699671878, 0.0000016332979476291578,
        0.000001695676510326192, 0.0000017864364903389292,
        0.0000017130155210643015, 0.0000018426639214444092,
        0.0000016282483370288248, 0.0000017110484637313904,
        0.0000017364998416217929, 0.0000016396388976876782,
        0.0000017451282863477986, 0.0000018134273044029141,
        0.0000019480804561292363, 0.0000017116154577130187,
        0.0000018388976876781755, 0.0000016515299334811529,
        0.0000016998099461514096, 0.000001683607855559075,
        0.0000015968229331643966, 0.0000017414507443775736,
        0.0000018507697180867914, 0.0000018337440608172314,
        0.000001743915109280963, 0.000001585663604687995,
        0.0000017362599268876843, 0.000001697771965208622
      ],
      "variance": 1.0701849949527473e-13
    },
    "times": {
      "cycle": 0.05824451762614515,
      "elapsed": 5.795,
      "period": 0.0000018355136022357604,
      "timeStamp": 1621117376493
    },
    "running": false,
    "count": 31732,
    "cycles": 7,
    "hz": 544806.6409216161
  }
}
