{
  "timeStamp": 1621116483721,
  "type": "complete",
  "currentTarget": {
    "name": "ConvertBenchmark",
    "options": {
      "async": false,
      "defer": false,
      "delay": 0.005,
      "initCount": 1,
      "maxTime": 5,
      "minSamples": 5,
      "minTime": 0.05
    },
    "async": false,
    "defer": false,
    "delay": 0.005,
    "initCount": 1,
    "maxTime": 5,
    "minSamples": 5,
    "minTime": 0.05,
    "events": { "complete": [null] },
    "id": 1,
    "stats": {
      "moe": 0.002517692088732837,
      "rme": 14.203977181823438,
      "sem": 0.001284536779965733,
      "deviation": 0.00832474978852571,
      "mean": 0.017725261428571427,
      "sample": [
        0.01141196, 0.01225922, 0.03148876, 0.010948280000000001, 0.01108752,
        0.02638166, 0.01143188, 0.01260086, 0.01215708, 0.030492619999999998,
        0.01189858, 0.01144046, 0.010433979999999999, 0.01577584, 0.01073536,
        0.0120106, 0.01213074, 0.02825858, 0.0104006, 0.03224655,
        0.016128533333333334, 0.017315533333333334, 0.012594883333333334,
        0.01609665, 0.0105305, 0.010785266666666666, 0.03479175,
        0.018203533333333334, 0.038247916666666666, 0.011165383333333334,
        0.01057225, 0.03374953333333333, 0.018266083333333332, 0.02301385,
        0.019402516666666664, 0.01982555, 0.015180883333333332,
        0.013921366666666666, 0.0317828, 0.013745466666666666,
        0.010785566666666668, 0.022764033333333333
      ],
      "variance": 0.00006930145904155885
    },
    "times": {
      "cycle": 0.10635156857142856,
      "elapsed": 5.54,
      "period": 0.017725261428571427,
      "timeStamp": 1621116478181
    },
    "running": false,
    "count": 6,
    "cycles": 2,
    "hz": 56.41665732433687
  },
  "target": {
    "name": "ConvertBenchmark",
    "options": {
      "async": false,
      "defer": false,
      "delay": 0.005,
      "initCount": 1,
      "maxTime": 5,
      "minSamples": 5,
      "minTime": 0.05
    },
    "async": false,
    "defer": false,
    "delay": 0.005,
    "initCount": 1,
    "maxTime": 5,
    "minSamples": 5,
    "minTime": 0.05,
    "events": { "complete": [null] },
    "id": 1,
    "stats": {
      "moe": 0.002517692088732837,
      "rme": 14.203977181823438,
      "sem": 0.001284536779965733,
      "deviation": 0.00832474978852571,
      "mean": 0.017725261428571427,
      "sample": [
        0.01141196, 0.01225922, 0.03148876, 0.010948280000000001, 0.01108752,
        0.02638166, 0.01143188, 0.01260086, 0.01215708, 0.030492619999999998,
        0.01189858, 0.01144046, 0.010433979999999999, 0.01577584, 0.01073536,
        0.0120106, 0.01213074, 0.02825858, 0.0104006, 0.03224655,
        0.016128533333333334, 0.017315533333333334, 0.012594883333333334,
        0.01609665, 0.0105305, 0.010785266666666666, 0.03479175,
        0.018203533333333334, 0.038247916666666666, 0.011165383333333334,
        0.01057225, 0.03374953333333333, 0.018266083333333332, 0.02301385,
        0.019402516666666664, 0.01982555, 0.015180883333333332,
        0.013921366666666666, 0.0317828, 0.013745466666666666,
        0.010785566666666668, 0.022764033333333333
      ],
      "variance": 0.00006930145904155885
    },
    "times": {
      "cycle": 0.10635156857142856,
      "elapsed": 5.54,
      "period": 0.017725261428571427,
      "timeStamp": 1621116478181
    },
    "running": false,
    "count": 6,
    "cycles": 2,
    "hz": 56.41665732433687
  }
}
